{
  "items_count": 11,
  "has_more": false,
  "next_cursor": null,
  "items": [
    {
      "id": "op-123",
      "object": "operation",
      "type": "Operations::Emission",
      "display_type": "Versement",
      "name": "Credit titres-resto Demo Corp",
      "amount": {
        "value": 18900,
        "currency": {
          "iso_3": "EUR",
          "symbol": "€",
          "title": "Euro"
        }
      },
      "date": "2026-01-01T02:00:00.000+01:00",
      "transactions": [
        {
          "id": "tx-123",
          "status": "VALIDATED",
          "payment_method": "Wallets::MealVoucherWallet",
          "date": "2026-01-01T02:00:01.000+01:00",
          "amount": {
            "value": 18900,
            "currency": {
              "iso_3": "EUR",
              "symbol": "€",
              "title": "Euro"
            }
          }
        }
      ]
    },
    {
      "id": "op-124",
      "object": "operation",
      "type": "Operations::Merchant",
      "display_type": "Paiement",
      "name": "Boulangerie Paul",
      "amount": {
        "value": -1490,
        "currency": {
          "iso_3": "EUR",
          "symbol": "€",
          "title": "Euro"
        }
      },
      "date": "2026-01-03T12:36:00.000+01:00",
      "transactions": [
        {
          "id": "tx-124",
          "status": "AUTHORIZED",
          "payment_method": "Wallets::MealVoucherWallet",
          "date": "2026-01-03T12:30:01.000+01:00",
          "amount": {
            "value": -1490,
            "currency": {
              "iso_3": "EUR",
              "symbol": "€",
              "title": "Euro"
            }
          }
        }
      ]
    },
    {
      "id": "op-125",
      "object": "operation",
      "type": "Operations::Merchant",
      "display_type": "Paiement",
      "name": "Boulangerie Paul",
      "amount": {
        "value": -1234,
        "currency": {
          "iso_3": "EUR",
          "symbol": "€",
          "title": "Euro"
        }
      },
      "date": "2026-01-07T12:12:00.000+01:00",
      "transactions": [
        {
          "id": "tx-125",
          "status": "VALIDATED",
          "payment_method": "Wallets::MealVoucherWallet",
          "date": "2026-01-07T12:06:01.000+01:00",
          "amount": {
            "value": -1234,
            "currency": {
              "iso_3": "EUR",
              "symbol": "€",
              "title": "Euro"
            }
          }
        }
      ]
    },
    {
      "id": "op-126",
      "object": "operation",
      "type": "Operations::Merchant",
      "display_type": "Paiement",
      "name": "Cantine Demo Corp",
      "amount": {
        "value": -1424,
        "currency": {
          "iso_3": "EUR",
          "symbol": "€",
          "title": "Euro"
        }
      },
      "date": "2026-01-08T12:22:00.000+01:00",
      "transactions": [
        {
          "id": "tx-126",
          "status": "VALIDATED",
          "payment_method": "Wallets::MealVoucherWallet",
          "date": "2026-01-08T12:27:01.000+01:00",
          "amount": {
            "value": -1424,
            "currency": {
              "iso_3": "EUR",
              "symbol": "€",
              "title": "Euro"
            }
          }
        }
      ]
    },
    {
      "id": "op-127",
      "object": "operation",
      "type": "Operations::Merchant",
      "display_type": "Paiement",
      "name": "Poke Bowl Paris",
      "amount": {
        "value": -1228,
        "currency": {
          "iso_3": "EUR",
          "symbol": "€",
          "title": "Euro"
        }
      },
      "date": "2026-01-09T12:03:00.000+01:00",
      "transactions": [
        {
          "id": "tx-127",
          "status": "AUTHORIZED",
          "payment_method": "Wallets::MealVoucherWallet",
          "date": "2026-01-09T12:43:01.000+01:00",
          "amount": {
            "value": -1228,
            "currency": {
              "iso_3": "EUR",
              "symbol": "€",
              "title": "Euro"
            }
          }
        }
      ]
    },
    {
      "id": "op-128",
      "object": "operation",
      "type": "Operations::Merchant",
      "display_type": "Paiement",
      "name": "Le Bistrot Demo",
      "amount": {
        "value": -1411,
        "currency": {
          "iso_3": "EUR",
          "symbol": "€",
          "title": "Euro"
        }
      },
      "date": "2026-01-11T12:03:00.000+01:00",
      "transactions": [
        {
          "id": "tx-128",
          "status": "CAPTURED",
          "payment_method": "Wallets::MealVoucherWallet",
          "date": "2026-01-11T12:25:01.000+01:00",
          "amount": {
            "value": -1411,
            "currency": {
              "iso_3": "EUR",
              "symbol": "€",
              "title": "Euro"
            }
          }
        }
      ]
    },
    {
      "id": "op-129",
      "object": "operation",
      "type": "Operations::Merchant",
      "display_type": "Paiement",
      "name": "Le Bistrot Demo",
      "amount": {
        "value": -1097,
        "currency": {
          "iso_3": "EUR",
          "symbol": "€",
          "title": "Euro"
        }
      },
      "date": "2026-01-16T12:15:00.000+01:00",
      "transactions": [
        {
          "id": "tx-129",
          "status": "CAPTURED",
          "payment_method": "Wallets::MealVoucherWallet",
          "date": "2026-01-16T12:12:01.000+01:00",
          "amount": {
            "value": -1097,
            "currency": {
              "iso_3": "EUR",
              "symbol": "€",
              "title": "Euro"
            }
          }
        }
      ]
    },
    {
      "id": "op-130",
      "object": "operation",
      "type": "Operations::Merchant",
      "display_type": "Paiement",
      "name": "Boulangerie Paul",
      "amount": {
        "value": -1299,
        "currency": {
          "iso_3": "EUR",
          "symbol": "€",
          "title": "Euro"
        }
      },
      "date": "2026-01-17T12:08:00.000+01:00",
      "transactions": [
        {
          "id": "tx-130",
          "status": "VALIDATED",
          "payment_method": "Wallets::MealVoucherWallet",
          "date": "2026-01-17T12:27:01.000+01:00",
          "amount": {
            "value": -1299,
            "currency": {
              "iso_3": "EUR",
              "symbol": "€",
              "title": "Euro"
            }
          }
        }
      ]
    },
    {
      "id": "op-131",
      "object": "operation",
      "type": "Operations::Merchant",
      "display_type": "Paiement",
      "name": "Boulangerie Paul",
      "amount": {
        "value": -1035,
        "currency": {
          "iso_3": "EUR",
          "symbol": "€",
          "title": "Euro"
        }
      },
      "date": "2026-01-18T12:15:00.000+01:00",
      "transactions": [
        {
          "id": "tx-131",
          "status": "VALIDATED",
          "payment_method": "Wallets::MealVoucherWallet",
          "date": "2026-01-18T12:55:01.000+01:00",
          "amount": {
            "value": -1035,
            "currency": {
              "iso_3": "EUR",
              "symbol": "€",
              "title": "Euro"
            }
          }
        }
      ]
    },
    {
      "id": "op-132",
      "object": "operation",
      "type": "Operations::Merchant",
      "display_type": "Paiement",
      "name": "Cantine Demo Corp",
      "amount": {
        "value": -1203,
        "currency": {
          "iso_3": "EUR",
          "symbol": "€",
          "title": "Euro"
        }
      },
      "date": "2026-01-22T12:06:00.000+01:00",
      "transactions": [
        {
          "id": "tx-132",
          "status": "AUTHORIZED",
          "payment_method": "Wallets::MealVoucherWallet",
          "date": "2026-01-22T12:03:01.000+01:00",
          "amount": {
            "value": -1203,
            "currency": {
              "iso_3": "EUR",
              "symbol": "€",
              "title": "Euro"
            }
          }
        }
      ]
    },
    {
      "id": "op-133",
      "object": "operation",
      "type": "Operations::Merchant",
      "display_type": "Paiement",
      "name": "Le Bistrot Demo",
      "amount": {
        "value": -1303,
        "currency": {
          "iso_3": "EUR",
          "symbol": "€",
          "title": "Euro"
        }
      },
      "date": "2026-01-28T12:05:00.000+01:00",
      "transactions": [
        {
          "id": "tx-133",
          "status": "CAPTURED",
          "payment_method": "Wallets::MealVoucherWallet",
          "date": "2026-01-28T12:59:01.000+01:00",
          "amount": {
            "value": -1303,
            "currency": {
              "iso_3": "EUR",
              "symbol": "€",
              "title": "Euro"
            }
          }
        }
      ]
    }
  ]
}
